date,title,score,num_comments,tickers,text
2025-12-09,$POET yolo,19,7,POET,"$POET yolo Also holding 2k shares. More of a feels guy, I really dig the ticker name. "
2025-12-09,$APLD GAIN$,9,3,APLD,$APLD GAIN$ Got lucky tbh
2025-12-08,"Netflix vs Paramount Skydance: The $108B Battle for HBO, Harry Potter, and DC - Who Wins?",127,93,"DISCA,NFLX,NNBR,DISCB,ORCL,BAC,DISCK","Netflix vs Paramount Skydance: The $108B Battle for HBO, Harry Potter, and DC - Who Wins? Okay so this is getting spicy. We officially have a bidding war for Warner Bros Discovery and I genuinely don'"
2025-12-08,MoonLake ($MLTX) YOLO. DD. Divorce.,60,49,MLTX,"MoonLake ($MLTX) YOLO. DD. Divorce. MoonLake Immunotherapeutics ($MLTX) YOLO.

I added on to my position here today. **I still like the stock.**

https://preview.redd.it/zc40oltmxz5g1.png?width=1428&f"
2025-12-08,Paramount makes $108.4 billion hostile bid for Warner Bros Discovery,9175,1130,"DISCB,DISCA,DISCK",Paramount makes $108.4 billion hostile bid for Warner Bros Discovery https://www.reuters.com/legal/transactional/paramount-makes-1084-billion-bid-warner-bros-discovery-2025-12-08/
2025-12-08,Confluent jumps 30% premarket after IBM buys it for $11B in cash as AI data demand surges,344,72,"VIEWW,VIEW",Confluent jumps 30% premarket after IBM buys it for $11B in cash as AI data demand surges No paywall: [https://finance.yahoo.com/news/ibm-buy-confluent-11-billion-130718587.html](https://finance.yahoo
2025-12-08,Netflix dont fail me now,138,102,NFLX,Netflix dont fail me now Trump and everyone else just needs to mind their business until I sellüò≠
2025-12-08,"Back in new short term $SPY puts, these ones will print",214,203,SPY,"Back in new short term $SPY puts, these ones will print Think we are finally gonna turn it around this week "
2025-12-07,DD: Housing May Be the 2026 Trade,294,113,KT,"DD: Housing May Be the 2026 Trade Remember when Bessent said a housing emergency may be declared?

https://www.reuters.com/world/us/bessent-says-trump-administration-will-tackle-high-housing-costs-wit"
2025-12-07,$CVNA liquidity crisis tomorrow,937,291,CVNA,"$CVNA liquidity crisis tomorrow I posted this on Friday predicting SP inclusion, but the mods deleted it. Anyway‚Ä¶

I‚Äôve been studying/trading Carvana for many years. The key to survival has been under"
2025-12-06,Is T (ATT) the dumbest company in the universe?,2269,335,NFLX,"Is T (ATT) the dumbest company in the universe? Today, we talk about ATT 

Bought Time Warner for $85B 2018

Sold WBD for $45B.  2022

WBD bought by Netflix for $83B. 2026 (estimated close)

$40B is a"
2025-12-06,NFLX acquiring WBD is a good thing. Some Due Diligence,45,119,"DISCA,NFLX,DISCB,CMCSA,AQCP,DISCK,ROKU","NFLX acquiring WBD is a good thing. Some Due Diligence A few reasons why i think this is good for both users of the service and shareholders

1. NFLX gets the IP for the below and that would be huge b"
2025-12-06,Good day betting on Nasdaq futures & NY Central Park temperatures,483,56,NDAQ,Good day betting on Nasdaq futures & NY Central Park temperatures On Polyma... oh wait ForecastEx
2025-12-05,100k OTM SPX Weeklies,105,59,SPXC,100k OTM SPX Weeklies üëÄ
2025-12-05,Tb: $TSLA Spreads Selling Porn,10,5,TSLA,Tb: $TSLA Spreads Selling Porn 
2025-12-05,IONQ 105K YOLO - Quantum is the future regards.,53,83,QMCO,IONQ 105K YOLO - Quantum is the future regards. DD - magic 8 ball.
2025-12-05,"-75k over 5 years, I'm done",5449,1153,EQT,"-75k over 5 years, I'm done Some days I'm really good at trading.  Ranges are easy to decipher, momentum is easy to read...but more days I'm terrible.  I'll catch back up on my bills by February, but "
2025-12-05,Google - not AMD - is Nvidia‚Äôs greatest threat because of their full-stack AI and AlphaEvolve,281,78,VERX,"Google - not AMD - is Nvidia‚Äôs greatest threat because of their full-stack AI and AlphaEvolve AMD is competing with Nvidia playing the game Jensen Huang knows better than anyone else, but Google is pl"
2025-12-05,Rivian $RIVN New Highs - $30+ target,76,27,RIVN,"Rivian $RIVN New Highs - $30+ target R2 is about to release, and Rivian has been HOT. 

I think there is upside to $30 from here, as sales are about to double and profitability is about to improve. 

"
2025-12-05,$LULU 1 of 1 pt 2,82,27,LULU,$LULU 1 of 1 pt 2 Here we go again. ER on Thursday 12/11. Let‚Äôs roll the dice.
2025-12-05,$2.4 Million Bet On RIVN - Cursed Carmaker Turnaround,294,174,"BLK,TSLA,FUNC,FCF","$2.4 Million Bet On RIVN - Cursed Carmaker Turnaround Hey! First post on WSB. Here's why I'm betting big on Rivian:

**Customers Love The Product**

Talk to anyone you know who owns a Rivian, currentl"
2025-12-05,Netflix agrees to buy Warner Bros. in a $72-billion deal that will transform Hollywood,13683,1782,"DISCA,NFLX,DISCB,CMCSA,DISCK","Netflix agrees to buy Warner Bros. in a $72-billion deal that will transform Hollywood Netflix has prevailed in its bid to buy much of Warner Bros. Discovery, agreeing to pay $72 billion for the Burba"
2025-12-04,"BMNR is your golden ticket (currently at 36 USD, Bitmine Immersion Technologies)",0,71,"BLK,IMMR","BMNR is your golden ticket (currently at 36 USD, Bitmine Immersion Technologies) Basically: legendary Tom Lee is going all out and telling people Ethereum is about to have its 1971 moment. Larry Fink,"
2025-12-04,Is this a glitch or did they really expire at this price?,133,54,SPXC,"Is this a glitch or did they really expire at this price? 15x SPX 6870 calls for today 12/3

At 4:00 PM they were worth .05. Is the 7.70 per contract correct or a glitch?
"
2025-12-04,TAL EDUCATION $TAL ‚Äì A Bet on China Policy Shift,11,20,TAL,"TAL EDUCATION $TAL ‚Äì A Bet on China Policy Shift TAL Education Group has quietly crept back into my watchlist. I've been openly bullish on Chinese equities, not blindly on the macro, but on the recove"
2025-12-04,160k $PATH gain on earnings.,168,24,PATH,160k $PATH gain on earnings. Will stay on the path for a bit longer.
2025-12-04,MLTX is up over 10% today. But this run up is just getting started... YOLO. DD. GAINS.,20,29,MLTX,"MLTX is up over 10% today. But this run up is just getting started... YOLO. DD. GAINS. MoonLake ($MLTX) is soaring today, and I believe we are just getting started. This is the beginning of a move fro"
2025-12-04,"not only am i still holding, if but i added more $META $1.82m value",53,34,META,"not only am i still holding, if but i added more $META $1.82m value a lot of people keep asking for an update so here it is"
2025-12-04,"not only am i still holding, if but i added more $META $1.82m value",73,24,META,"not only am i still holding, if but i added more $META $1.82m value a lot of people keep asking for an update so here it is"
2025-12-04,"$1,000,000 bet on $XYZ",487,270,XYZ,"$1,000,000 bet on $XYZ I believe this stock is extremely undervalued. P/E of 12 and virtually everyone has used their products at one point or another. I don‚Äôt think there is a better and safer compan"
2025-12-04,"I'm back, buying the ""dip"" played out eventually $APLD $META",18,8,"META,APLD","I'm back, buying the ""dip"" played out eventually $APLD $META I've derisked position a bit and accepting some losses in case they both tank again.
Whoever saw my post and decided to get into these, con"
2025-12-04,$ASTS Rocket in the air,347,45,ASTS,"$ASTS Rocket in the air I bought ASTS 70c in the last 1.5 hours before yesterday's close at an average price of 0.72

As for why I bought ASTS, ASTS stock has been declining since it reached ATH on 10"
2025-12-04,Auto Trader is super undervalued for a silly reason,55,58,AUTO,"Auto Trader is super undervalued for a silly reason The stock has been hammered, wiping out $800M in value, for two main, short-term reasons:

1. Dealer Backlash/Cancellations: A group of UK car deale"
2025-12-04,Meta rises 5% pre-market after plans cutting metaverse budget by up to 30% next year,1527,280,"NWSA,FB,NWS",Meta rises 5% pre-market after plans cutting metaverse budget by up to 30% next year Np paywall: [https://finance.yahoo.com/news/meta-ceo-zuckerberg-plans-deep-141030509.html](https://finance.yahoo.co
2025-12-03,Red,121,130,TSLA,Red Thought I was getting a good deal at the peak but Tesla beat me up 
2025-12-03,(SNOW) Snowflake Q3 2026 Earnings Call | Live Transcript at 5:00pm ET,30,32,NWPN,(SNOW) Snowflake Q3 2026 Earnings Call | Live Transcript at 5:00pm ET This post contains content not supported on old Reddit. [Click here to view the full post](https://sh.reddit.com/r/wallstreetbets/
2025-12-03,Moderna is in a generational Yolo territory,620,516,MRNA,"Moderna is in a generational Yolo territory TLDR: Moderna bottomed out where it was when it started in 2019 on their cancer immunotherapy. Intrinsic value of time and trials is not priced in.

edit: t"
2025-12-03,"Tech Giants' Bond Issuing Frenzy Fuels Market Fears, Oracle ‚ÄúFirst in Line‚Äù",102,39,"FUNC,FCF,ORCL","Tech Giants' Bond Issuing Frenzy Fuels Market Fears, Oracle ‚ÄúFirst in Line‚Äù Amid the ongoing AI investment boom, market concerns had previously surfaced that Oracle (ORCL.US) might issue up to $100 bi"
2025-12-03,Macy‚Äôs drops 7% pre-market on strongest growth in 3 years while raising outlook and warning on holiday spending and tariffs,168,56,"FUNC,FCF",Macy‚Äôs drops 7% pre-market on strongest growth in 3 years while raising outlook and warning on holiday spending and tariffs No paywall: [https://www.cnbc.com/2025/12/03/macys-m-earnings-q3-2025.html](
2025-12-03,440k USD Intel YOLO $INTC,248,109,INTC,440k USD Intel YOLO $INTC 10 months ago I posted a DD on Intel in here on why Intel is going to go big. Back then the price was at 22.5$ and I had 3k shares. Fast forward to 10 months later and I incr
2025-12-03,"Is the possible direct war in Venezuela already priced in for Lockheed Martin, Northrop Grumman and other war stocks?",0,86,"LMT,NOC","Is the possible direct war in Venezuela already priced in for Lockheed Martin, Northrop Grumman and other war stocks? Is the possible direct war in Venezuela already priced in for Lockheed Martin, Nor"
2025-12-02,"Explain $CVNA bull case? Execs Selling, Used Cars Slowing‚Ä¶",93,162,CVNA,"Explain $CVNA bull case? Execs Selling, Used Cars Slowing‚Ä¶ Every analyst seems to be super bullish on CVNA rn, but with a bunch of demand pulled forward around the EV credit expiration & Tariff bs in "
2025-12-02,$SNAP will be a 2026 standout,175,281,SNAP,"$SNAP will be a 2026 standout Disclosure: long 250,000 shares at $7.89

I invested in SNAP earlier this year more as a trade and sold after the spike post-Q3 earnings, making about $200k. However, I n"
2025-12-02,Amazon releases an impressive new AI chip and teases a Nvidia-friendly roadmap,594,72,UFI,"Amazon releases an impressive new AI chip and teases a Nvidia-friendly roadmap Amazon Web Services, which has been building its own AI training chips for years now, just introduced a new version known"
2025-12-02,Still holding $MDGL with some old DD on why I bought shares,45,6,MDGL,"Still holding $MDGL with some old DD on why I bought shares About a year ago I touted MDGL for their drug Rezdiffra and a lot has changed for the stock since then, but it‚Äôs still has a lot of potentia"
2025-12-02,Rivian yolo,193,68,"FUNC,FCF","Rivian yolo Rivian might look beat up but there‚Äôs actually some real momentum if you zoom out for like two seconds.

‚Ä¢ R2 is the whole story. First real mass-market play, huge interest already, and wa"
2025-12-01,"SEZL DD pt.2: BNPL, the most misunderstood industry",31,27,BAINF,"SEZL DD pt.2: BNPL, the most misunderstood industry [My original DD for SEZL is here](https://www.reddit.com/r/wallstreetbets/comments/1orfs7w/dd_subprime_split_purchases_sezl/)

  
Previous post if y"
2025-12-01,I borrowed $5.7M to invest. Should I borrow more?,4746,1857,BOX,"I borrowed $5.7M to invest. Should I borrow more? [Last post](https://www.reddit.com/r/wallstreetbets/comments/1l9z4yl/i_borrowed_5m_to_invest_should_i_borrow_more/), I had a $2.1M account with $1M in"
2025-12-01,"MongoDB Stock Jumps On Strong Earnings, Guidance Hike For Database Player",332,65,MDB,"MongoDB Stock Jumps On Strong Earnings, Guidance Hike For Database Player "
2025-12-01,"GOLD, King Midas Anus $B Barrick Mining DD",329,135,"B,GOLD","GOLD, King Midas Anus $B Barrick Mining DD üö®üö® BARRICK MINING (GOLD CHAD OF THE CENTURY) DD üö®üö®
aka: Why $GOLD is about to melt faces harder than a 1999 dot-com chart but with ACTUAL PROFITS

Listen up "
2025-12-01,(MDB) MongoDB Q3 2026 Earnings Call | Live Transcript at 5:00pm ET,19,3,MDB,(MDB) MongoDB Q3 2026 Earnings Call | Live Transcript at 5:00pm ET This post contains content not supported on old Reddit. [Click here to view the full post](https://sh.reddit.com/r/wallstreetbets/com
2025-12-01,"$SPX - IF THIS PRINTING PRESS FAILS, I'M APPLYING FOR A JOB AT WENDY'S üò≠THETA GANG STRIKES AGAIN!",71,44,SPX,"$SPX - IF THIS PRINTING PRESS FAILS, I'M APPLYING FOR A JOB AT WENDY'S üò≠THETA GANG STRIKES AGAIN! **What started as a gap down üìâ is about to turn into a big green candle. I saw that discount and smell"
2025-12-01,Synopsys rise 7% pre-market after Nvidia invests $2 billion in ‚ÄçSynopsys common stock at ‚Äãa purchase ‚Äåprice of $414.79 per share,383,70,"SNPS,NVDA,AQCP",Synopsys rise 7% pre-market after Nvidia invests $2 billion in ‚ÄçSynopsys common stock at ‚Äãa purchase ‚Äåprice of $414.79 per share No paywall: [https://nvidianews.nvidia.com/news/nvidia-and-synopsys-ann
2025-12-01,IOVA DD: Best in class Cancer Drug,46,35,"MCK,IOVA,FUNC,FCF","IOVA DD: Best in class Cancer Drug I am writing this on my phone. So forgive me for any typos or formatting mistakes.

What IOVA does?

Iovance Biotherapeutics is the first company to get an FDA appro"
2025-11-30,Seasonal hiring down 25% from last year as layoffs rise and retailers stay cautious amid weak consumer spending,1887,313,TGT,"Seasonal hiring down 25% from last year as layoffs rise and retailers stay cautious amid weak consumer spending Note: ""Weak consumer spending"" refers to store expectations before the season started. C"
2025-11-28,My 0DTE journey so far ‚Äî up $41k this week and aiming for $1M,947,401,SPXC,"My 0DTE journey so far ‚Äî up $41k this week and aiming for $1M Thought I‚Äôd share my progress so far with 0DTE trading. I‚Äôve been working on this seriously for a while now ‚Äî studying price action, focus"
2025-11-28,Semi-analysis report on $GOOGL TpU dominance - Nvida & OpenAi at risk!,257,262,"GOOGL,META,NVDA,AVGO,AMD","Semi-analysis report on $GOOGL TpU dominance - Nvida & OpenAi at risk! Hey folks- happy Thanksgiving!

Semi-analysis ( leading research lab in semiconductors and Ai) have just published a report on th"
2025-11-28,CME just YEETED all futures because their data center got too hot. AI literally cooking the markets now.,2038,334,CONE,CME just YEETED all futures because their data center got too hot. AI literally cooking the markets now. So uh‚Ä¶ the entire CME futures market got RKO‚Äôd at 2 a.m. because the data center that runs it *
2025-11-26,Never give up,1480,143,SPXC,"Never give up Abandoned the casino for a few years to recoup. 

Came back around October and started trading daily SPX credit spreads mostly. 

Finally back in the green today, going to try to be a lo"
2025-11-26,Sweet Quantum Losses,381,125,QMCO,Sweet Quantum Losses This is the way!
2025-11-26,"$37 ‚Äî> $10,021",353,85,SPXC,"$37 ‚Äî> $10,021 Got lucky from 38 to 735 on RGTI calls, and the rest was history.

Been scalping SPX calls the past few weeks, and repeating the process.

I would say the first few trades was all luck,"
2025-11-26,Finally a good trade after beating down $HOOD,250,40,HOOD,Finally a good trade after beating down $HOOD I‚Äôm so happy that I doubled down on these contracts. What a great way to start the holiday! 
2025-11-25,"KSS and ANF, next retail (retail) rally is $GAP",119,99,GAP,"KSS and ANF, next retail (retail) rally is $GAP I‚Äôve sold half my position, but I know this will keep running so I am leaving the rest. GAP had great earnings and are coming back into the public eye a"
2025-11-25,$837k META yolo,1117,206,META,$837k META yolo i believe the bottom is in for $META
2025-11-25,Time to re-ride the RKT,38,24,KT,Time to re-ride the RKT 
2025-11-25,HSA +1500% üíâüöÄ,799,143,GOOG,"HSA +1500% üíâüöÄ Logged into my HSA to reimburse the deodorant I bought and totally forgot about these $GOOG options.

How many Ozempic shots is this???


"
2025-11-25,Calculating the Strategy/MSTR Ponzi-Ratio Curve,184,171,MS,"Calculating the Strategy/MSTR Ponzi-Ratio Curve https://preview.redd.it/dljv2g3t9e3g1.jpg?width=640&format=pjpg&auto=webp&s=d88408b1fd0f3f97ead34073367958e2b6a6fbd5

# We called it nine months ago

Re"
2025-11-25,(BABA) Alibaba Group Q2 2026 Earnings Call | Live Transcript at 7:30am ET,29,8,BABB,(BABA) Alibaba Group Q2 2026 Earnings Call | Live Transcript at 7:30am ET This post contains content not supported on old Reddit. [Click here to view the full post](https://sh.reddit.com/r/wallstreetb
2025-11-24,My high conviction trade of the year: Full ported into META calls (looking good on both ends: technical and fundamental),91,94,"TGT,FOMC","My high conviction trade of the year: Full ported into META calls (looking good on both ends: technical and fundamental) TLDR:
Macro: Risk on sentiment + rate cut buy the rumor repricing + end of year"
2025-11-24,PGY - Oversold and Undervalued,16,20,"SOFI,UPST,PGY","PGY - Oversold and Undervalued howdy,

This isn't financial advice, and I'm a moron so invest at your own risk. I'm sure there is information that I missed so do some due diligence and do some of your"
2025-11-24,126% ROTH IRA gains,114,22,RH,"126% ROTH IRA gains Opened this account ~2 years ago and stuck with VOO + individual holdings like TXRH (their rolls are worth BILLIONS)

After the Tarriff dip I decided to stop being a little bitch &"
2025-11-24,"Buying the dip, kept dipping $APLD $META",141,111,"META,APLD","Buying the dip, kept dipping $APLD $META Kept buying the dip during the past couple weeks and now I'm just waiting for them to go to 0"
2025-11-24,Corsair ($CRSR) - Margin Glitch. Insiders Just Loaded the Boat. The Market is Sleeping.,154,106,CRSR,"Corsair ($CRSR) - Margin Glitch. Insiders Just Loaded the Boat. The Market is Sleeping. My fellow Autists, Donald Pump here,

I know mentioning this ticker gives half of you PTSD. But this time is dif"
2025-11-24,$AVGO Gain 678%,228,37,AVGO,"$AVGO Gain 678% Bought AVGO 370c at an average price of 1.26 in the last 15 minutes of 11/21 last week

Today's return:+791%

Total Return:+678%

I believe that everyone who experienced the panic sell"
2025-11-24,Guess who sold GOOGL at $192,679,240,FOMC,"Guess who sold GOOGL at $192 Sold $128k worth of GOOGL for $192. All of Reddit said Chatgpt would make search engines obsolete, Google would lose their lawsuit, Google never commits to their projects "
2025-11-24,Finally dug myself out of a $50k 4 year long hole,2898,193,SPXC,Finally dug myself out of a $50k 4 year long hole Been pretty much only day trading/overnighting SPX options for the past couple months using key levels and GEX. I feel so regarded.
2025-11-24,"Alibaba surges 5 percent after its Qwen AI app, a ChatGPT and Gemini rival, hits 10 million downloads in the first week",403,112,YI,"Alibaba surges 5 percent after its Qwen AI app, a ChatGPT and Gemini rival, hits 10 million downloads in the first week No paywall: [https://finance.yahoo.com/news/alibaba-main-ai-app-debuts-041113798"
2025-11-24,"Google, Amazon, Meta, Microsoft, and Oracle issued $88B in debt in the last 3 months, topping the $66B from the prior 3 years.",3667,312,"MSFT,ORCL","Google, Amazon, Meta, Microsoft, and Oracle issued $88B in debt in the last 3 months, topping the $66B from the prior 3 years. "
2025-11-23,The Duality of a man $MSTR,1300,123,MSTR,The Duality of a man $MSTR 
2025-11-22,AI trading bots‚Äô market manipulation - oscillating volatility,631,161,"NDAQ,LEA,GPS","AI trading bots‚Äô market manipulation - oscillating volatility *From an npr podcast, using gemini to research & summarize*

Research from 2024 and 2025 confirms that advanced AI trading bots‚Äîspecifical"
2025-11-22,Google says AI demand forcing 2x capacity growth every 6 months as it targets 1000x scale in 5 years,2884,609,ORCL,Google says AI demand forcing 2x capacity growth every 6 months as it targets 1000x scale in 5 years No paywall: [https://arstechnica.com/ai/2025/11/google-tells-employees-it-must-double-capacity-ever
2025-11-22,Started a month ago,88,74,SPY,"Started a month ago Started with $3K infused another $3.5K after a loss.

This past week went from $20K to $5K then went back up doing 0DTE spy puts to $20K again, all to lose it yesterday. Down to my"
2025-11-22,"Wanted to write a DD, but now it's public: Intel to Secure Microsoft, Tesla, Qualcomm & NVIDIA as Advanced Packaging Customers in the U.S.",382,83,"MSFT,NVDA,TSLA,INTC","Wanted to write a DD, but now it's public: Intel to Secure Microsoft, Tesla, Qualcomm & NVIDIA as Advanced Packaging Customers in the U.S. One of the things that I wanted to mention in ""my last DD"" on"
2025-11-22,Eli Lilly becomes the first pharma to hit a 1 trillion dollar market cap on booming weight loss drug demand. LLY is +30% over the past month,405,116,"AMZN,AAPJ",Eli Lilly becomes the first pharma to hit a 1 trillion dollar market cap on booming weight loss drug demand. LLY is +30% over the past month No paywall: [https://www.investors.com/news/technology/eli-
2025-11-21,MSNT (Monster Energy Drink) Overvalued?! Short potential?,0,92,SHCC,"MSNT (Monster Energy Drink) Overvalued?! Short potential? Good afternoon guys, I found a goldmine.

Monster energy drink has reached an all time high, but why? Who actually drinks Monsters? Wife beate"
2025-11-21,$OPEN THE üö™ ALREADY !,50,28,"OPEN,HOOD",$OPEN THE üö™ ALREADY ! The $HOOD came through with the promise now let‚Äôs get the tendies‚Ä¶‚Ä¶ I LIKE üëç THE DOOR! üö™ ‚ö°Ô∏è 
2025-11-21,$GOOGL Deepmind entering into robotics with big hires from Boston dynamics.,885,134,GOOGL,$GOOGL Deepmind entering into robotics with big hires from Boston dynamics. Google DeepMind has hired the former chief technology officer of Boston Dynamics as the company pushes deeper into robotics.
2025-11-21,59k YOLO NVIDIA,317,195,NVDA,59k YOLO NVIDIA 
2025-11-21,$NVO catalyst upcoming,60,43,NVO,$NVO catalyst upcoming 1. FDA decision on their glp weight loss oral pill will be coming in Q4. This can be a FDA decision on their glp weight loss oral pill will be coming in Q4. This can be a huge c
2025-11-21,"Paramount, Comcast, Netflix submit bids for Warner Bros. Discovery",435,94,"DISCA,NFLX,DISCB,CMCSA,DISCK","Paramount, Comcast, Netflix submit bids for Warner Bros. Discovery "
2025-11-21,SPX Puts 1k to 21k,247,43,SPXC,SPX Puts 1k to 21k 
2025-11-21,"One million dollars bet on $SPT, down 20%, will hold till 25$",427,172,SPT,"One million dollars bet on $SPT, down 20%, will hold till 25$ "
2025-11-21,OpenAI partners with Foxconn to design and build AI data components in the U.S..,140,50,"FOXA,FOX",OpenAI partners with Foxconn to design and build AI data components in the U.S.. 
2025-11-20,OpenAi struggling against Google - Leaked email & $GOOGL dominance in Ai,4841,575,"GOOGL,GOOG","OpenAi struggling against Google - Leaked email & $GOOGL dominance in Ai All those circular deals might be coming to an end as Google & Google deepmind start winning the AI war against OpenAi.

The ne"
2025-11-20,$HOOD has been good to me this week,129,19,HOOD,"$HOOD has been good to me this week Adding more puts at the open made me sick. Paid off HUGE



8:30 am : -150k  
11am: ü§§ü§§"
2025-11-20,Shorted Tesla at its substanceless top and held like a regard.,152,41,TSLA,Shorted Tesla at its substanceless top and held like a regard. 
2025-11-20,QQQ puts 0DTE gain 0.1$P >> 3.68$P,39,9,P,"QQQ puts 0DTE gain 0.1$P >> 3.68$P Being the woos I am - sold the contracts for suboptimal price, could‚Äôve easily waited a few minutes, but had a busy shift. The moment I glanced at the p&l, I decided"
2025-11-20,Up $5k on an options trade this morning. DEC 31 $SPY Puts. Held for a grand total of just over 2 hours. That was some easy money.,36,14,SPY,Up $5k on an options trade this morning. DEC 31 $SPY Puts. Held for a grand total of just over 2 hours. That was some easy money. 
2025-11-20,What a crazy trap set for all $NVDA bulls,10339,1201,NVDA,What a crazy trap set for all $NVDA bulls Nasdaq 600 points tumble in just over an hour. All the Nvidia result bull positions getting hammered.
2025-11-20,"~7x from $PACS calls, first big win",63,29,PACS,"~7x from $PACS calls, first big win time to yolo all the gains and 7x again"
2025-11-19,Why the ‚Äúbubble‚Äù narrative is missing the point ‚Äì prices aren‚Äôt actually that extreme,710,351,INTC,"Why the ‚Äúbubble‚Äù narrative is missing the point ‚Äì prices aren‚Äôt actually that extreme 
Bulls keep winning and bears keep getting wrecked for one simple reason: most bears are fighting the last war. Th"
2025-11-19,NVDA Earnings with the Double Beat,957,229,NVDA,"NVDA Earnings with the Double Beat \*NVIDIA 3Q REV. $57.01B, EST. $55.19B  
  
\*NVIDIA SEES 4Q REV. $63.70B TO $66.30B, EST. $61.98B

\*NVIDIA 3Q ADJ EPS $1.30  
  
\*NVIDIA 3Q REV. $57.01B, EST. $55"
2025-11-19,(NVDA) NVIDIA Q3 2026 Earnings Call | Live Transcript at 5:00pm ET,640,587,NVDA,(NVDA) NVIDIA Q3 2026 Earnings Call | Live Transcript at 5:00pm ET This post contains content not supported on old Reddit. [Click here to view the full post](https://sh.reddit.com/r/wallstreetbets/com
2025-11-19,$RIVN gain 2.4K -> 13K,40,17,RIVN,"$RIVN gain 2.4K -> 13K Secured gains early because of Nvidia, right at the bottom for $1.6 each.

https://preview.redd.it/78xbzwblz82g1.png?width=1237&format=png&auto=webp&s=5f2d37b337ba429598e9872180"
2025-11-19,Target drops 2% pre-market after cutting full-year EPS outlook and warns of weak holiday demand as affordability crisis hits consumers,506,102,"BAC,TGT,ULTA",Target drops 2% pre-market after cutting full-year EPS outlook and warns of weak holiday demand as affordability crisis hits consumers No paywall: [https://finance.yahoo.com/news/target-cuts-earnings-
2025-11-19,Target announces partnership with OpenAI as it aims to reverse sales slump,4809,904,TGT,Target announces partnership with OpenAI as it aims to reverse sales slump 
2025-11-19,Oracle is already underwater on its ‚Äòastonishing‚Äô $300bn OpenAI deal,5014,304,ORCL,"Oracle is already underwater on its ‚Äòastonishing‚Äô $300bn OpenAI deal The Financial Times has reported that Oracle's $ORCL $300 billion OpenAI deal is already underwater, now worth MINUS 74 billion.

B"
2025-11-19,(TGT) Target Q3 2026 Earnings Call | Live Transcript at 8:00am ET,7,1,TGT,(TGT) Target Q3 2026 Earnings Call | Live Transcript at 8:00am ET This post contains content not supported on old Reddit. [Click here to view the full post](https://sh.reddit.com/r/wallstreetbets/comm
2025-11-18,Is Saylor about to crash MSTR again or is it different this time because of Bitcoin?,364,235,MSTR,Is Saylor about to crash MSTR again or is it different this time because of Bitcoin? We‚Äôve all seen how Michael Saylor famously crashed MicroStrategy ($MSTR) back in the dot-com era thanks to wild fin
2025-11-18,Do not fall in LOVE with a stock!,829,372,"BMNR,MSTR","Do not fall in LOVE with a stock! Hi im 22 and in college. I spent the last five years working hard to save this money, only to lose most of it in two months. I was in denial for a long time there wer"
2025-11-18,I already feel bad about this,45,26,FUTU,I already feel bad about this $FUTU 175C expiring next week.
2025-11-18,$70K $RDW Bet,37,21,RDW,"$70K $RDW Bet $70K into $RDW Jan 28 $10 leaps.

Stock is down -80% since January, balance sheet is fucked, dilution is happening as we speak, management has done a poor job integrating newly acquired "
2025-11-18,$CMCSA DD,17,63,CMCSA,"$CMCSA DD **DD $CMCSA**  


ALRIGHT you regards, listen up.¬†



Aren‚Äôt you tired of shitting your pants every morning, checking your portfolio to see if the AI bubble has popped?



Do you miss the wa"
2025-11-18,"Paper handed the best pair trade (IBIT-MSTR) of my life, still +‚Ç¨26k",19,12,"FMC,MTHRF,RH,NNBR,KT,AQCP,BPAQF","Paper handed the best pair trade (IBIT-MSTR) of my life, still +‚Ç¨26k Mostly just short MSTR + long IBIT (or short mNAV, as they call it). Initially started with the safer play of a deep ITM put. Bough"
2025-11-18,"Anthropic to buy $30 billion in Azure capacity in new deal with Microsoft, Nvidia",1961,181,MSFT,"Anthropic to buy $30 billion in Azure capacity in new deal with Microsoft, Nvidia "
2025-11-18,Home Depot falls 4% pre-market after company cuts full-year outlook as consumers put off home improvement projects,3247,550,HD,Home Depot falls 4% pre-market after company cuts full-year outlook as consumers put off home improvement projects No paywall: [https://finance.yahoo.com/news/home-depot-stock-falls-after-company-cuts
2025-11-17,shorted the $HOOD,343,59,HOOD,shorted the $HOOD 
2025-11-17,$PACS tax free gains,47,21,PACS,"$PACS tax free gains Following up on my DDs, i've locked 44k of gains.

It still has some good room to grow but some of my calls were expiring too soon 

I am still in

DDs:
https://www.reddit.com/r/w"
2025-11-17,"Breaking news: Netflix loses more than 400 billion in their valution, DOWN 90%.",0,97,NFLX,"Breaking news: Netflix loses more than 400 billion in their valution, DOWN 90%. Does anyone know what happened, were earnings that bad? Did I lose all my money."
2025-11-16,Split for NFLX,205,105,NFLX,"Split for NFLX Netflix‚Äôs stock split is mostly about making shares more ‚Äúaccessible‚Äù to retail ‚Äî it doesn‚Äôt change the underlying fundamentals or valuation. Same company, just more pieces of the pie.
"
2025-11-15,Welcome to doodoo land | $VOYG puts,39,10,VOYG,"Welcome to doodoo land | $VOYG puts I think I had $35K left at some point on that position (-60%) 

But now it‚Äôs gaining traction 

Bear thesis rapidly : 

- CEO is a noob (and a cheater per his Wikip"
2025-11-15,SNAP 50K YOLO w/ confirmation bias,39,27,AAPJ,"SNAP 50K YOLO w/ confirmation bias Why spend 50k on a company which has your nudes saved ?

- market is mis pricing the chance of a turnaround and Snap finally being able to make a GAAP profit 

- Per"
2025-11-14,SPX Call/Puts / PLTR puts $8k-$235k YOLO,932,174,SPXC,"SPX Call/Puts / PLTR puts $8k-$235k YOLO You guys were right, I did keep going, but you were only half right cus I‚Äôm up over another $100k

8k-$126k-$270k-$50k-$100k-$68k-$235k total fluctuations for "
2025-11-14,NBIS Investor,339,190,MSFT,"NBIS Investor After receiving some inheritance money from my wife‚Äôs side of the family, I thought it was a smart move to go all in on NBIS at around 100, without setting a stop loss, since that was th"
2025-11-14,My +30% gain in NBIS now sits at +6%. I‚Äôm ready to buy more,60,99,MSFT,"My +30% gain in NBIS now sits at +6%. I‚Äôm ready to buy more I bought more during the October dip and bought two $90 CSP expiring December 2025.

This company continues to become stronger fundamentally"
2025-11-14,$MU gains,128,29,MU,$MU gains I love monsters university 1dte gains 
2025-11-14,$MSTR,2580,434,MSTR,$MSTR https://x.com/saylor/status/1989308024817598534?s=46
2025-11-13,Applied Materials Reports Record Annual Revenue and EPS for Fiscal Year 2025,53,3,AMAT,Applied Materials Reports Record Annual Revenue and EPS for Fiscal Year 2025 
2025-11-13,$OPEN me up,250,59,OPEN,$OPEN me up Exercised my 1/2027 exp $0.50 calls today to try to get a few more warrants
2025-11-13,(AMAT) Applied Materials Q4 2025 Earnings Call | Live Transcript at 4:30pm ET,7,4,AMAT,(AMAT) Applied Materials Q4 2025 Earnings Call | Live Transcript at 4:30pm ET This post contains content not supported on old Reddit. [Click here to view the full post](https://sh.reddit.com/r/wallstr
2025-11-13,PALANTIR - Is Alex Karp a GENIUS ?... or a PPC ?,354,261,"SMECF,SMCAY","PALANTIR - Is Alex Karp a GENIUS ?... or a PPC ? https://preview.redd.it/18vhv848f21g1.jpg?width=2610&format=pjpg&auto=webp&s=8af453e151f9abe27a0b5ff02db632e128dad08b

Alex Karp, in today's interview "
2025-11-13,$BULL yolo,71,46,BULL,$BULL yolo I like this stock.
2025-11-13,$BULL $15k Yolo..yada..yada,71,99,BULL,$BULL $15k Yolo..yada..yada From the guy who brought you the HTZ banger comes my next YOLO. I've been a Webull app user since 2022. Love the product - it's only gotten better and is a premium sophisti
2025-11-13,Disney falls 5% pre-market as Q4 revenue misses estimates; streaming profit rises 39% and dividend hiked to $1.50,698,157,"MS,UVV",Disney falls 5% pre-market as Q4 revenue misses estimates; streaming profit rises 39% and dividend hiked to $1.50 No paywall: [https://finance.yahoo.com/news/disney-q4-revenue-misses-estimates-amid-li
2025-11-12,$OPEN the door to Valhalla,205,50,OPEN,$OPEN the door to Valhalla That post earnings dip was the real test of my diamond hands‚Ä¶ 
2025-11-12,Netflix (NFLX) is still a great buy,0,37,NFLX,Netflix (NFLX) is still a great buy Netflix is going to be bullish until the 1240s. Still a great buy until November 21st.
2025-11-12,(CSCO) Cisco Systems Q1 2026 Earnings Call | Live Transcript at 4:30pm ET,8,6,CSCO,(CSCO) Cisco Systems Q1 2026 Earnings Call | Live Transcript at 4:30pm ET This post contains content not supported on old Reddit. [Click here to view the full post](https://sh.reddit.com/r/wallstreetb
2025-11-12,I fucked a short: $SOFI (gain),478,143,SOFI,"I fucked a short: $SOFI (gain) My last post was here

https://www.reddit.com/r/wallstreetbets/s/OhEcykhCb7

All in $SOFI LEAPs

Beginning the process of de-leveraging (I know you idiots have no idea w"
2025-11-12,Took profits to pay off debt,1102,96,SPXC,"Took profits to pay off debt Hi follow regards üòÄ 


I have been long term lurker, since 2020. Also made weird leveraged buys back then then didn't touch anything untill 2023 when I just staterted pick"
2025-11-12,Clearwater Analytics (CWAN) Takeover Rumours,13,14,EQC,"Clearwater Analytics (CWAN) Takeover Rumours Takeover rumours going around today about CWAN. My guess is it‚Äôs a PE takeover, possibly with Vista Equity Partners. Failing that, probably another SS&C ac"
2025-11-12,(TME) Tencent Music Entertainment Group Q3 2025 Earnings Call | Live Transcript at 6:00am ET,2,7,TME,(TME) Tencent Music Entertainment Group Q3 2025 Earnings Call | Live Transcript at 6:00am ET This post contains content not supported on old Reddit. [Click here to view the full post](https://sh.reddi
2025-11-12,$RIVN,69,21,RIVN,$RIVN 
2025-11-11,-175k. Jan 2020-Nov 2025.  All from options. ü§ùIt‚Äôs been real.. depressing,6914,1383,LEA,"-175k. Jan 2020-Nov 2025.  All from options. ü§ùIt‚Äôs been real.. depressing Reposting since my previous was deleted. Learn from me and don‚Äôt fucking gamble.
  "
2025-11-11,$GOOGL,1562,134,GOOGL,"$GOOGL Been a huge bull since June, multiple sets of calls bought from June to Sept that range from 200% to 700% ROI. No plans of selling til $330+ at this rate. Only regret is not fully YOLO‚Äôing into"
2025-11-11,What's up with $AMBA,18,5,AMBA,What's up with $AMBA I have a small position in $AMBA via options. Seems like a nice breakout after trading sideways for last 3 years. The last 4 quarters have been \~+50% up in sales totaling approx 
2025-11-11,Oklo Announces U.S. Department of Energy Approval for Nuclear Safety Design of Aurora Fuel Fabrication Facility,85,34,YI,Oklo Announces U.S. Department of Energy Approval for Nuclear Safety Design of Aurora Fuel Fabrication Facility *Oklo announced that the U.S. Department of Energy (DOE) Idaho Operations Office has app
2025-11-11,"Nebius signs $3B AI cloud deal with Meta after 355% revenue jump, eyes $7‚Äì9B run-rate by 2026",935,123,"MSFT,FB","Nebius signs $3B AI cloud deal with Meta after 355% revenue jump, eyes $7‚Äì9B run-rate by 2026 No paywall: [https://finance.yahoo.com/news/ai-cloud-firm-nebius-signs-120336496.html](https://finance.yah"
2025-11-11,Softbank sells all of its NVDA holdings,2708,288,"NWSA,NWS","Softbank sells all of its NVDA holdings Sorry the news I found is in Japanese but that's alot of gains secured.

[„ÇΩ„Éï„Éà„Éê„É≥„ÇØG„ÄÅ‰øùÊúâ„Åô„ÇãÂÖ®„Å¶„ÅÆÁ±≥„Ç®„Éå„Éì„Éá„Ç£„Ç¢Ê†™„Çí58.3ÂÑÑ„Éâ„É´„ÅßÂ£≤Âç¥](https://www.msn.com/ja-jp/money/other/%E3%82%BD%E3"
2025-11-11,5600% Gains with Options,557,223,"TSLA,BABB","5600% Gains with Options Been investing with bi-weekly every time i received my paycheck for the last 5 years. Was just DCA'ing with no care about prices.

Studied options and did paper trading for ab"
2025-11-10,First 900% gain QQQ 0dte,346,33,"FUNC,FCF",First 900% gain QQQ 0dte Need to start playing 0dte more üíé
2025-11-10,Bought $ADBE Calls in IRA (100K Full port),160,106,ADBE,"Bought $ADBE Calls in IRA (100K Full port) Full port IRA in Adobe: My ticket to early retirement via Digital Paintbrushes or application to Wendy‚Äôs 

Forgot to post, but I‚Äôm 100% full port into $ADBE."
2025-11-10,Decade of Losses. I‚Äôm fixing it. (YOLO in $BEAM),47,39,BEAM,"Decade of Losses. I‚Äôm fixing it. (YOLO in $BEAM) I posted about my decade of experience last Friday, and many of you were impressed. In fact, many asked to know my next move. So here it is.

$26,500 i"
2025-11-10,"TSMC‚Äôs October sales rose 16.9%, the slowest since Feb 2024, fueling debate over whether the AI chip boom is losing momentum",810,180,"TSM,MSFT,SMCAY,AMZN,SMECF,AMD","TSMC‚Äôs October sales rose 16.9%, the slowest since Feb 2024, fueling debate over whether the AI chip boom is losing momentum No paywall: [https://finance.yahoo.com/news/tsmc-slowing-monthly-sales-fuel"
2025-11-10,Bloom Energy(BE) play for this month,19,37,BE,"Bloom Energy(BE) play for this month https://preview.redd.it/w9rm06sp5d0g1.jpg?width=951&format=pjpg&auto=webp&s=7914117d43f2ea44f626a8f2b026adbd7f5a604a

I want the shares but ill also take the premi"
2025-11-09,"Gambling on Gambling is poetry, my synopsis.",238,65,"UVV,NNBR","Gambling on Gambling is poetry, my synopsis. 



DRAFTKINGS. That‚Äôs it, it‚Äôs been staring this sub in the face  forever. The sub that was built on gambling should be gambling on gambling in my gamblin"
2025-11-09,Syndax Pharmaceuticals a promising commercial biotech with multiple approved drugs - Price target $20-56 (M&A possible),58,46,"INCY,FUNC,SNDX,FCF","Syndax Pharmaceuticals a promising commercial biotech with multiple approved drugs - Price target $20-56 (M&A possible) Hello,

I'll get to the chase and I'll try to keep it short. No AI usage (Only f"
2025-11-08,$META üê∏ set it and forget it,745,140,META,$META üê∏ set it and forget it 
2025-11-08,Rivian turnaround story has begun,906,281,TSLA,"Rivian turnaround story has begun Rivian is either bankrupt or a 10x from here. There is no in-between

R2 comes out in 2026. It‚Äôs a smaller SUV at ~$50k (https://rivian.com/r2) and it is sexy. If Riv"
2025-11-08,Metsera accepts Pfizer's $10 billion bid in ongoing M&A battle,400,64,PFE,Metsera accepts Pfizer's $10 billion bid in ongoing M&A battle 
2025-11-07,DD: Subprime Split Purchases $SEZL,73,67,SEZL,"DD: Subprime Split Purchases $SEZL Alright buckle up as I know general sentiment is NOT fond of BNPL. Shit talk all you want, I'll be happy to reply to any concerns about the biz or industry.

SEZL is"
2025-11-07,Decade of experience,2112,303,LEA,"Decade of experience I think I should just throw it in ETFs

**EDIT for more info, Since this is getting eyeballs and people are asking:**

I‚Äôve been trading for 10 years now. Not rich, not homeless.."
2025-11-07,$NICE $HOG 26K & 290K YOLO,18,21,"NICE,HOG","$NICE $HOG 26K & 290K YOLO [Unrealized loss a bit deceptive given spread, still down but not as bad as it looks](https://preview.redd.it/sqx71zawfxzf1.jpg?width=1495&format=pjpg&auto=webp&s=ffc2365097"
2025-11-07,DLTR DD,22,12,DLTR,"DLTR DD You've heard of PLTR , now meet DLTR.
‚ÄãDollar Tree ditched Family Dollar (amen) thanks private equity. and rolled out a fresh roadmap at Investor Day. They're guiding for 8-10% EPS growth and "
2025-11-07,Expedia stock up 18% from an amazing Q3 earnings.,134,44,"EXPE,AAPJ","Expedia stock up 18% from an amazing Q3 earnings. |**Metric**|**Q3 2025**|**Q3 2024**|**Œî Y/Y**|
|:-|:-|:-|:-|
|Booked room nights|108.2|97.4|11%|
|Gross bookings|$30,727|$27,498|12%|
|Revenue|$4,412|"
2025-11-07,Sold SPX 6850 calls for Nov 14 up 12k,46,19,SPXC,Sold SPX 6850 calls for Nov 14 up 12k Credit spread selling 6850 SPX calls current up 12.2k out of the max potential profit of 16.6k. SPX is now 200 points below. Keep open to obtain the remaining hig
2025-11-07,Betting against Niccol,36,49,SBUX,"Betting against Niccol Loaded up. Starbucks $SBUX Puts for next week, and after each earnings going into next year. "
2025-11-07,"120k to 20k to 120k in a year, sold IREN, CIFR, CORZ yesterday",215,56,"MSFT,COMP","120k to 20k to 120k in a year, sold IREN, CIFR, CORZ yesterday 120k to less than 20k to 120k in a year, sold IREN, CIFR, CORZ, BITF yesterday. Had many trades and finally broke even on the year after "
2025-11-06,Tesla Shareholders Approve Elon Musk‚Äôs $1 Trillion Pay Package,1265,287,TSLA,Tesla Shareholders Approve Elon Musk‚Äôs $1 Trillion Pay Package 
2025-11-06,Tesla says shareholders approve Musk's pay plan with over 75% voting in favor,3337,771,TSLA,Tesla says shareholders approve Musk's pay plan with over 75% voting in favor 
2025-11-06,Dropping $NVDA going all in on $GOOGL (rival chip),642,290,"GOOGL,NVDA","Dropping $NVDA going all in on $GOOGL (rival chip) With Google's new Ironwood chip, future is looking bright. GOOGL was up today while NVDA took a shit. I am going to sell all of my NVDA shares and go"
2025-11-06,T1 Energy - TE YOLO,21,23,EOSS,T1 Energy - TE YOLO The obvious demand for power keeps rising with ALLLL the new talk around AI and data centers. TE‚Äôs G1 Dallas facility has an annual production capacity of 5GW and their new G2 Aust
2025-11-06,$GRND long real meat,86,39,GRND,"$GRND long real meat 

Grindr (NYSE: GRND) is the target of a significant take-private offer at $18 per share, while the current stock price sits near $13.50, indicating an unusually large spread and "
2025-11-06,Why Super Micro computer is the obvious play,0,30,"SMCI,SMCAY,SMECF","Why Super Micro computer is the obvious play Super Micro Computer (SMCI) remains a high-conviction play in the AI infrastructure space, leveraging its rack-scale server expertise and tight Nvidia part"
2025-11-06,Netflix 7 k loss so far,104,72,NFLX,Netflix 7 k loss so far 
2025-11-06,Doubling down on $TSLA puts,164,151,TSLA,"Doubling down on $TSLA puts Is this an objectively stupid play? Yes. 
Does the % lost get smaller for a moment when I buy more puts? Yes. 
"
2025-11-06,Draftkings $DKNG YOLO and why,59,66,DKNG,"Draftkings $DKNG YOLO and why DraftKings has been beaten down over the past few months, even though we‚Äôre in the middle of football season. The period that traditionally drives roughly 50% of their an"
2025-11-06,"Boring $3.1 million gain with SPXL. Selling now, I'm glad this is over with.",4223,509,SPXC,"Boring $3.1 million gain with SPXL. Selling now, I'm glad this is over with. "
2025-11-06,Grocery Outlet & Food Insecurity,29,39,"NWSA,NWS",Grocery Outlet & Food Insecurity I do see the irony in losing my money so now I‚Äôm forced to shop a Grocery Outlet. I think Grocery Outlet is primed for a short squeeze. It has all the fundamentals of 
2025-11-05,I bought Webull on Robinhood‚Ä¶ and my Webull port is up 100%. What timeline am I in?! üòé,18,18,BULL,"I bought Webull on Robinhood‚Ä¶ and my Webull port is up 100%. What timeline am I in?! üòé Alright, hear me out ‚Äî I just bought Webull stock $BULL) on Robinhood.

My Webull account is up 100%, but the sto"
2025-11-05,500k $DNUT YOLO,177,74,DNUT,"500k $DNUT YOLO Alright you regard-filled apes. You think I'm joking about the Krispy Kreme thesis. You think it's a meme.

I just parked $500,000 of my wife's boyfriend's money into $DNUT today.



W"
2025-11-05,ENPH: Back from the dead?,28,29,TSLA,"ENPH: Back from the dead? Hello folks. I tried posting this DD yesterday but am a dingus and didn't include a screenshot of my actual positions, so it got deleted. Then the stock popped 10% today, so "
2025-11-05,DASH short into ER,33,28,PINS,"DASH short into ER Uber down, Pinterest down, Chipotle down, wingstop down, Shopify down, the consumer is broke. "
2025-11-05,50k Earnings YOLO for my $BROS,29,20,BROS,"50k Earnings YOLO for my $BROS DD: I think they sell a lot of coffee and dirty soda.  I don‚Äôt really know what dirty soda is, but that‚Äôs not important.  Hope earnings are a beat!

Anyone else with me?"
2025-11-05,$SEZL Long and strong,61,34,SEZL,"$SEZL Long and strong *Summary*: $SEZL is down 67% from its peak because the market is full of paper-handed morons who can't read. They panicked over a seasonal take-rate dip and ""muh subprime"" fears "
2025-11-05,TE 600k bet,135,101,EOSS,"TE 600k bet I brought you NBIS, IREN, EOSE...now is the time for another energy play. 

SOLAR is starting to heat up because the market realizes we will need an insane amount of energy to power AI. TA"
2025-11-05,Doubling/Tripling down on my $APLD and $META,66,31,"META,APLD","Doubling/Tripling down on my $APLD and $META I still believe both of these companies are good. 

This is a pure instinct play based on their earnings and contracts signed.

Sirs, this is a casino and "
2025-11-05,$AMD Loss,423,133,AMD,$AMD Loss Never playing amd earnings again.
2025-11-05,"Meta Level 100 Charizard TA Analysis - Flamethrower Super Effective, $800+ Breakout",613,91,BLL,"Meta Level 100 Charizard TA Analysis - Flamethrower Super Effective, $800+ Breakout People have been waiting for the Charizard Pattern to appear like on Google back at $156.  
  
Well. It's appeared a"
2025-11-05,The whole US will be suckling on these $TE-ets and it‚Äôll feel so good‚Ä¶,38,22,TE,"The whole US will be suckling on these $TE-ets and it‚Äôll feel so good‚Ä¶ With power being a limiting factor for these massive hyperscaler moves, the whole US is gonna be suckling on some $TE-ets for eve"
2025-11-04,$BROS Earnings YOLO,22,39,BROS,$BROS Earnings YOLO Got 500 BROS shares for earnings tomorrow. Wish me luck.
2025-11-04,SOUN 60k earning yolo,26,22,TSLA,"SOUN 60k earning yolo This is my life savings in SOUN shares. Agentic voice AI is the next trillion dollar idea in 3 years. Diamond hands boys, to the moon! Idk what my average is but I kept buying mo"
2025-11-04,$JOBY Earnings YOLO..,12,18,JOBY,"$JOBY Earnings YOLO.. My shit keeps getting removed for no reason. Last time I‚Äôm trying otherwise I‚Äôm thugging this one out without the community..

You know when your confidence is through the roof b"
2025-11-04,$300k $TOST ER play,53,96,"UBER,SQ,TOST,FI","$300k $TOST ER play Everyone is watching the clock. $TOST ER is TOMORROW.

People think this is a cash register company. This isn't a POS. It's the ENTIRE RESTAURANT OPERATING SYSTEM.

They don't just"
2025-11-03,Michael Burry is going all in on shorting the bubble,8261,1181,"NVDA,PLTR","Michael Burry is going all in on shorting the bubble 
Michael Burry goes short on $PLTR and $NVDA in his latest 13F filing.

Scion Capital just bought put options on 1M Nvidia shares and 5M Palantir s"
2025-11-03,$KMB: Why I‚Äôm stupidly bullish on Kimberly-Clark after the KVUE deal,98,59,"KVUE,KMB","$KMB: Why I‚Äôm stupidly bullish on Kimberly-Clark after the KVUE deal Alright degenerates, here‚Äôs the pitch. Kimberly-Clark ($KMB) just did something Wall Street absolutely hates in the short term but "
2025-11-03,Why the bubble narrative is a generational GOOG buying opportunity,1794,218,"CAT,AAPJ,NKE","Why the bubble narrative is a generational GOOG buying opportunity Have gotten 20+ messages asking me if / when I plan to sell my GOOG LEAP position. So sharing my thoughts here:

You basically can‚Äôt "
2025-11-03,100K yolo on $AMD earnings,232,73,AMD,"100K yolo on $AMD earnings https://preview.redd.it/fzgjlxb903zf1.png?width=667&format=png&auto=webp&s=603cb7dc1b5c3e5989ced996817f37cecf86a783

Fingers crossed. "
2025-11-03,$JD 1/16/2026 $40 C,41,45,JD,$JD 1/16/2026 $40 C I'm hurting.  1/16/2026 $40 C.. I followed a bunch of influencers on X and now down 46%.  Holding this to earnings (which will probably tank) and will lose it all.  
2025-11-03,$LUMN YOLO,27,11,LUMN,$LUMN YOLO Full port YOLO on $LUMN.  I don't really understand why it keeps going up so I bought in just to be safe.
2025-11-03,Tesla Strikes $2.1 Billion Battery Deal with Samsung SDI to Power Energy Expansion,289,44,TSLA,"Tesla Strikes $2.1 Billion Battery Deal with Samsung SDI to Power Energy Expansion Tesla, Inc. reportedly plans to purchase approximately **$2.1 billion** worth of energy-storage system (ESS) batterie"
2025-11-03,Cipher Mining soars 27% pre-market after signing $5.5 billion AI lease with AWS,141,25,AQCP,Cipher Mining soars 27% pre-market after signing $5.5 billion AI lease with AWS No paywall: [https://au.investing.com/news/stock-market-news/cipher-mining-stock-soars-after-signing-55-billion-ai-lease
2025-11-03,"Kimberly-Clark to Acquire Kenvue, Creating a $32 Billion Global Health and Wellness Leader",314,102,KMB,"Kimberly-Clark to Acquire Kenvue, Creating a $32 Billion Global Health and Wellness Leader "
2025-11-03,200K+ YOLO on $HIMS,62,37,HIMS,200K+ YOLO on $HIMS 
2025-11-02,What do think of HOOD‚Äôs future?,204,266,HOOD,"What do think of HOOD‚Äôs future? Robinhood‚Äôs earnings are coming up this Wednesday, Nov 5th, and I‚Äôm curious what everyone thinks about the stock and where it‚Äôs headed.

I‚Äôm personally super bullish on"
2025-11-02,HOW FUCKED AM I? $META.,1081,404,META,HOW FUCKED AM I? $META. I plan on selling before Friday. 
2025-11-02,$POET ‚Äî The Photon Dealer That You're Missing,1040,417,"POET,AMD,AVGO,NVDA","$POET ‚Äî The Photon Dealer That You're Missing https://preview.redd.it/d4wloobahvyf1.png?width=1917&format=png&auto=webp&s=9aa04d70d08941aa680b19beb2fe1642e6047ed5

**TL;DR**

POET, a $500M photonics c"
2025-11-02,Abaxx Technologies: Newest Clearing House and Exchange with Massive Upside,129,147,"FUNC,FCF,AQCP",Abaxx Technologies: Newest Clearing House and Exchange with Massive Upside This is gonna be a longish post. Potential for more than a 50x maybe even +100x but that's extremely hopeful. It has digital 
2025-11-01,What do we think about $META?,144,195,META,"What do we think about $META? Meta‚Äôs EPS would have easily surpassed expectations if not for a one-time tax payment tied to the Big Beautiful Bill. Despite that, their ad revenue continues to climb, s"
2025-11-01,Already down 7% on this call! $META,75,55,META,"Already down 7% on this call! $META Save me Zuck!

"
2025-11-01,[DD] Riot Platforms ($RIOT): From Bitcoin Mining to AI Data Centers ‚Äî A Potential Inflection Point,8,40,RIOT,[DD] Riot Platforms ($RIOT): From Bitcoin Mining to AI Data Centers ‚Äî A Potential Inflection Point Riot Platforms ($RIOT) is in the middle of a structural transformation that may redefine how it is va
2025-10-31,Don't SLEEP on the wheel strategy,81,65,LPPI,"Don't SLEEP on the wheel strategy Mostly wheel RDDT, SOFI, NVDA. Typically sell weeklies at around a -.20 to -.30 delta."
2025-10-31,WSB plays $META earnings,90,12,META,WSB plays $META earnings 
2025-10-31,Going hard on Pfizer,46,57,PFE,Going hard on Pfizer 
2025-10-31,Why PayPal $PYPL Could Explode with ChatGPT Users,61,49,PYPL,"Why PayPal $PYPL Could Explode with ChatGPT Users We all know PayPal. It‚Äôs been around forever as the go to online checkout, though now there are other options like Apple Pay, Zelle and more.

PayPal "
2025-10-31,First (and probably last) time trading options,1468,197,"FUNC,FCF","First (and probably last) time trading options I took advantage of the elections in Argentina to trade some options, don't pay too much attention to all time screenshot because some friends also put s"
2025-10-31,"OpenAI Made a $12 Billion Loss Last Quarter, Microsoft Results Indicate",5271,492,MSFT,"OpenAI Made a $12 Billion Loss Last Quarter, Microsoft Results Indicate "
2025-10-31,Finally getting $AMZN prime,29,7,"BYND,AMZN",Finally getting $AMZN prime Got the call late in the afternoon yesterday. Now only if $BYND can cross $2 again lol
2025-10-31,Y‚Äôall use $RDDT but don‚Äôt invest in itüôÑ,1565,384,RDDT,Y‚Äôall use $RDDT but don‚Äôt invest in itüôÑ Just beat it‚Äôs earnings report by 68% from last year! I got margin in this babyüòé
2025-10-31,REGARD YOLO AMZN CALLS TY I LOVE YOU BEZOS,96,9,NWPN,REGARD YOLO AMZN CALLS TY I LOVE YOU BEZOS TY BEZOS I CAN NOW AFFORD ANOTHER YEAR OF AMAZON PRIME I AM A LOYAL FOREVR MEMBER NOW! 
2025-10-31,First time win after so many losses . Thank you Amazon,122,10,"FUNC,FCF",First time win after so many losses . Thank you Amazon I am on the losing hand or paper hand so many years . This is the first time I HOLD 10 contracts . Sold 8 at the opening . I will let 2 contract 
2025-10-31,"Is it time to switch from Market Cap to Equal Weight 500? My thoughts, really looking to hear yours.",58,104,XETR,"Is it time to switch from Market Cap to Equal Weight 500? My thoughts, really looking to hear yours. The S&P 500 just posted a new ATH 3 days ago, with nearly 400 of the companies closing in red.

The"
2025-10-31,The ultimate bearish indicator: WSB warns against shorting Tesla,397,141,TSLA,"The ultimate bearish indicator: WSB warns against shorting Tesla TLDR; Inverse wsb implies short Tesla

Recently [this post](https://old.reddit.com/r/wallstreetbets/comments/1ofbhjs/thats_it_im_shorti"
2025-10-31,$CMG short -> 4.5x gain,17,9,CMG,"$CMG short -> 4.5x gain https://preview.redd.it/wyzqtvriwdyf1.png?width=1898&format=png&auto=webp&s=a2bfdbbfc10ea90d69b05925e4339261e423a6ce

Streets said Gen Z can't pay bills. Discretionary dining -"
2025-10-31,Yolo‚Äôd into FBL (2x META etf) calls,17,22,BABB,"Yolo‚Äôd into FBL (2x META etf) calls I ain‚Äôt got much savings, but I‚Äôm proud of my play.  

LEVERAGE ON LEVERAGE BABY"
2025-10-30,Netflix YOLO 137K,28,16,"NWPN,NFLX","Netflix YOLO 137K I bought more and am down 10k WE GO SPLITTING THESE BAD BOIS
NOW WE SEAL THE HOONMOON AT 200 % MARGIN!

WE‚ÄòRE GOING UP UP UP 
"
2025-10-30,AMZN FULL PORT STOCK GAIN,440,66,RH,"AMZN FULL PORT STOCK GAIN Started the year at 200k. Grew it to 330k by August and transferred from Schwab to RH for cheaper margin. Went all in on Amazon at 220 earlier this month (like 500k margin, 4"
2025-10-30,The last thing $AMZN bears see before getting margin-called,5802,268,AMZN,The last thing $AMZN bears see before getting margin-called 
2025-10-30,CHIPOTLE JUST BROKE. DOORDASH IS NEXT.,3162,730,"DASH,NXGPF","CHIPOTLE JUST BROKE. DOORDASH IS NEXT. Position: 10x DASH 11/7 $222.5P 

Chipotle‚Äôs third guidance cut this year just exposed how fragile the fast-casual ecosystem really is. Margins are collapsing un"
2025-10-30,$LLY,26,13,LLY,$LLY 
2025-10-30,Thank you $AMZN,113,31,AMZN,Thank you $AMZN 
2025-10-30,You sons of bitches recommending $META... I'm in,265,125,META,"You sons of bitches recommending $META... I'm in A lot of YOLO posts on meta calls, the earnings didn't look too terrible and only looked somewhat bad cuz of the one time tax payment. Underlying fundi"
2025-10-30,AMZN's KUIPER is worth $500BN (part of $4T AMZN)..and it's being priced at $0.,122,140,"CORFF,FUNC,NFLX,FCF",AMZN's KUIPER is worth $500BN (part of $4T AMZN)..and it's being priced at $0. After being mocked and my post on AMZN banned (I swear I don't use AI..) I'm back to provide how I arrive at a $500B valu
2025-10-30,Netflix Announces Ten-For-One Stock Split,1007,151,NFLX,Netflix Announces Ten-For-One Stock Split 
2025-10-30,Moderna (MRNA) soars after rumor of buyout,46,16,"NWSA,MRNA,NWS","Moderna (MRNA) soars after rumor of buyout Moderna stock is up 15% with rumor of potential buyout.

[Link to News](https://ca.investing.com/news/stock-market-news/moderna-stock-soars-after-report-of-p"
2025-10-30,Fake meat 100k YOLO $BYND,1364,411,BYND,"Fake meat 100k YOLO $BYND https://preview.redd.it/f9l6khigv9yf1.png?width=1232&format=png&auto=webp&s=31cf0210002764a8f0f344964dbced0e1e785d63

I think it's bounce time. PT = $6."
2025-10-30,150k Euros into WDC Western Digital YOLO,24,25,"SNDK,WDC","150k Euros into WDC Western Digital YOLO WDC earnings play. May God have mercy on my soul.

I was fortunate enough to have made good money wit Critical Metals, Robinhood and Google these past couple o"
2025-10-30,"META YOLO, I like cheap stuff from Facebook marketplace",159,58,FB,"META YOLO, I like cheap stuff from Facebook marketplace "
2025-10-30,Am I cooked,24,24,RACE,"Am I cooked Currently down 8500 as of making this post and down 13500 from my high on Friday, yolo‚Äôd a big portion into $RACE for a comeback after their 25% drop but have lost confidence and now selli"
2025-10-30,The market‚Äôs sleeping on PXED. Their first earnings report should wake people up.,34,53,"LOPE,STRA",The market‚Äôs sleeping on PXED. Their first earnings report should wake people up. PXED is the company that owns the University of Phoenix. It went public in October at a very cheap price and nobody is
2025-10-30,Novo Nordisk hijacks Pfizer with bid for US biotech Metsera,111,40,"KT,TSRI,PFE","Novo Nordisk hijacks Pfizer with bid for US biotech Metsera Bullish for: MTSR, LLY, NVO, GPCR, and of course VKTX."
2025-10-30,Meta to acknowledge a devaluation of their Deferred Tax Assets - Google and Microsoft have not,179,59,MSFT,"Meta to acknowledge a devaluation of their Deferred Tax Assets - Google and Microsoft have not Recently, Meta reported earnings and reported $1.05 of EPS instead of $7.25, due to them acknowleding an "
2025-10-30,$GOOGL gains,79,17,GOOGL,$GOOGL gains Biggest options purchase before this was $300. Will sell tomorrow whatever the gains. 
2025-10-29,Reddit Earnings Forecast and Analysis - Why I‚Äôm Still Bullish,148,134,TGT,"Reddit Earnings Forecast and Analysis - Why I‚Äôm Still Bullish **The Setup: A 33% Crash on Broken Data**

Reddit fell from $282.95 to $189.02 in just over a month.The main culprits being two bad altern"
2025-10-29,Quantum will kill RSA. Here's how you get a piece of the downfall.,0,72,"PLUG,QNC",Quantum will kill RSA. Here's how you get a piece of the downfall. Hello fellow smooth brain regards! long time lurker first time DDing. But listen up buster! I have a proposition much different than 
2025-10-29,Fiserv crashes 44% after cutting earnings targets and fears of fraudulent growth reporting,795,110,FISV,Fiserv crashes 44% after cutting earnings targets and fears of fraudulent growth reporting 
2025-10-29,Thank you BBVR Arista Cameco,7,3,CCJ,Thank you BBVR Arista Cameco 
2025-10-29,Fuck Tesla,68,41,TSLA,Fuck Tesla Check this out all you regards. I am now your wife's boyfriend. (Don't worry I'll by you a Playstation)
2025-10-29,"Lumentum $LITEs it up: 200G Lasers, Key Supplier of NVIDIA Optics, and the Exploding Demand for Optical Networking",16,24,"LITE,COHR","Lumentum $LITEs it up: 200G Lasers, Key Supplier of NVIDIA Optics, and the Exploding Demand for Optical Networking Lasers. Pew pew!

1. Introduction
2. The Company
3. Giga-Chads and Giga-Watts
4. Co-P"
2025-10-29,Core Scientific (CORZ) - DD,38,26,"WULF,APLD,CIFR,CORZ","Core Scientific (CORZ) - DD The unforgotten gem in AI / data center space. People often mention $CIFR, $WULF, $APLD, but $CORZ is not talked about enough. 

Let‚Äôs begin by addressing the real bottlene"
2025-10-29,The Federal Reserve has cut rates by 25 BPS,5886,484,BPAQF,The Federal Reserve has cut rates by 25 BPS 
2025-10-29,AWS Launched New Intel Powered Data Center,50,34,INTC,"AWS Launched New Intel Powered Data Center About 2 days ago they released it on their youtube channel. This is probably just the beginning of intel's revival.

[https://www.youtube.com/watch?v=kVRkuLg"
2025-10-29,Nvidia call options made over $140k,170,39,NVDA,"Nvidia call options made over $140k Quick update since my last NVDA post unexpectedly pulled in over a thousand upvotes  
I‚Äôve been digging deeper into NVIDIA and the momentum plus the whole AI narrat"
2025-10-29,"RKT - 60k Shares/$1M+, earnings tomorrow. RKT price target raised to $22 from $16 at Goldman Sachs. Currently $17.50",34,64,KT,"RKT - 60k Shares/$1M+, earnings tomorrow. RKT price target raised to $22 from $16 at Goldman Sachs. Currently $17.50 [https://www.tipranks.com/news/the-fly/rocket-companies-price-target-raised-to-22-f"
2025-10-28,RBLX is an overvalued stock for pedophiles,430,106,"MSFT,NKLA,RBLX,BPAQF","RBLX is an overvalued stock for pedophiles *TL;DR at the bottom for all of you with no attention span*

On the 8th of October 2024, Hindenburg Research released its damning report on RBLX: [Roblox: In"
2025-10-28,Ethier 800k or $0 I aint selling. NVIDIA,481,201,NVDA,Ethier 800k or $0 I aint selling. NVIDIA 
2025-10-28,$JOBY partners with NVIDIA to Power Next-Gen Autonomous Flight Using IGX Thor Platform,90,46,JOBY,$JOBY partners with NVIDIA to Power Next-Gen Autonomous Flight Using IGX Thor Platform 
2025-10-28,Palantir Technologies (PLTR) and NVIDIA (NVDA) Team Up to Operationalize AI ‚Äî Turning Enterprise Data Into Dynamic Decision Intelligence,176,50,"NVDA,TISI,INTC",Palantir Technologies (PLTR) and NVIDIA (NVDA) Team Up to Operationalize AI ‚Äî Turning Enterprise Data Into Dynamic Decision Intelligence 
2025-10-28,Weeeeeee üöÄüöÄüöÄpt. 4‚Ä¶. I still havn‚Äôt sold $SOFI,1633,251,SOFI,Weeeeeee üöÄüöÄüöÄpt. 4‚Ä¶. I still havn‚Äôt sold $SOFI 
2025-10-28,NVIDIA teams with US Department of Energy to build seven new AI supercomputers,650,66,"NVDA,QMCO",NVIDIA teams with US Department of Energy to build seven new AI supercomputers NVIDIA announced a partnership with the U.S. Department of Energy and several national laboratories to build seven new AI
2025-10-28,$SNAP 777 lucky number,27,16,SNAP,$SNAP 777 lucky number People have been bashing this stock for so long and rightfully so because it literally has done nothing for years so let‚Äôs see if it finally does something 
2025-10-28,+41k | Buying and Selling the News,32,6,"NWSA,NWS",+41k | Buying and Selling the News Bought and sold within a 4 day span or so. 
2025-10-28,$APLD will always be the best bet of my life (+560%),66,26,APLD,"$APLD will always be the best bet of my life (+560%) 11B lease with CoreWeave and a 5B dollar lease with a hyperscaler, and they're just getting started there is way more in the pipeline (4GW)! Yester"
2025-10-28,$ONDS is building a drone empire,192,96,"RCAT,ONDS,UMAC","$ONDS is building a drone empire I have been analyzing $ONDS for the last few months, and it seems to me that people have not realized the¬†**empire**¬†it is building and its¬†**relations with the U.S. g"
2025-10-28,eBay - actual leading indicator,53,53,"FNKO,FUNC,FCF","eBay - actual leading indicator Position: few thousand in calls, 9k in shares, grabbing more calls on market open.

This is from my blog so it might read odd as a reddit post, but I can‚Äôt be bothered "
2025-10-28,üöÄ Full Steam Ahead on Nuclear: BWXT and Rolls-Royce Eye $100 Billion SMR Opportunity,53,25,BWXT,"üöÄ Full Steam Ahead on Nuclear: BWXT and Rolls-Royce Eye $100 Billion SMR Opportunity BWX Technologies, Inc. (NYSE: BWXT) has signed a detailed design contract and memorandum of understanding with Roll"
